family_size,survival_rate
1.0,0.3032994923857868
2.0,0.5361702127659574
3.0,0.5660377358490566
4.0,0.6976744186046512
5.0,0.2727272727272727
6.0,0.2
7.0,0.25
8.0,0.0
11.0,0.0
